{"_step":15,"gen_images":{"height":128,"_type":"image-file","sha256":"d2b77b8287e17b74547d8c159fd070fa468144aceb0223b4125ff780ff2f436f","size":130691,"path":"media/images/gen_images_15_d2b77b8287e17b74547d.png","format":"png","width":512},"_wandb":{"runtime":225},"loss":0.019412016458871362,"_timestamp":1.7419103260147452e+09,"_runtime":223.645454666}