{"_wandb":{"runtime":4},"loss":0.9998964667320251,"_timestamp":1.741902403865943e+09,"_runtime":1.856425882,"_step":0}