{"_timestamp":1.7419022120093253e+09,"_runtime":88.814131252,"_wandb":{"runtime":99},"_step":5,"loss":0.18433145026605718}