{"_timestamp":1.7419029981908429e+09,"_runtime":210.902761685,"_step":12,"_wandb":{"runtime":219},"loss":0.09039286577990348}