{"_wandb":{"runtime":223},"loss":0.019415253443262243,"_timestamp":1.741909285365311e+09,"_runtime":222.43000606,"_step":15,"gen_images":{"_type":"image-file","sha256":"404a472d8c785a93e3690f7176592a6ace3b204633b3fdc9f73ff5be0a173263","size":42682,"path":"media/images/gen_images_15_404a472d8c785a93e369.png","format":"png","width":512,"height":128}}